{
  "app": {
    "title": "Test App",
    "pages": [
      {
        "id": "home",
        "title": "Test Home Page",
        "route": "/",
        "layout": "vertical",
        "components": [
          {
            "type": "form",
            "id": "test-form",
            "label": "Test Information",
            "children": [
              {
                "id": "welcomeText",
                "type": "text",
                "label": "Welcome to the Test App",
                "props": {
                  "placeholder": "",
                  "helperText": "",
                  "className": ""
                },
                "children": [],
                "validation": {},
                "visibilityConditions": [],
                "arrayItems": [],
                "bindings": {}
              },
              {
                "id": "nameInput",
                "type": "input",
                "label": "Your Name",
                "props": {
                  "inputType": "text",
                  "placeholder": "Enter your name",
                  "helperText": "",
                  "className": ""
                },
                "children": [],
                "validation": {
                  "required": true,
                  "minLength": 2,
                  "maxLength": 50
                },
                "visibilityConditions": [],
                "arrayItems": [],
                "bindings": {
                  "field": "name"
                }
              },
              {
                "id": "submitButton",
                "type": "button",
                "label": "Submit",
                "props": {
                  "className": ""
                },
                "children": [],
                "validation": {},
                "visibilityConditions": [],
                "arrayItems": [],
                "bindings": {
                  "onChange": "navigate"
                }
              }
            ]
          }
        ],
        "nextPage": "thankYou"
      },
      {
        "id": "thankYou",
        "title": "Thank You",
        "route": "/thank-you",
        "layout": "vertical",
        "components": [
          {
            "id": "thankYouText",
            "type": "text",
            "label": "Thank you for submitting your name!",
            "props": {
              "placeholder": "",
              "helperText": "",
              "className": ""
            },
            "children": [],
            "validation": {},
            "visibilityConditions": [],
            "arrayItems": [],
            "bindings": {}
          }
        ],
        "isEndPage": true
      }
    ],
    "dataSources": []
  }
}
